id,_name,total,hp,attack,defense,sp__atk,sp__def,speed,type1,type2,internal_id
1,Bulbasaur,318,45,49,49,65,65,45,Grass,Poison,1
2,Ivysaur,405,60,62,63,80,80,60,Grass,Poison,2
3,Venusaur,525,80,82,83,100,100,80,Grass,Poison,3
3,Mega Venusaur,625,80,100,123,122,120,80,Grass,Poison,4
4,Charmander,309,39,52,43,60,50,65,Fire,"",5
5,Charmeleon,405,58,64,58,80,65,80,Fire,"",6
6,Charizard,534,78,84,78,109,85,100,Fire,Flying,7
6,Mega Charizard X,634,78,130,111,130,85,100,Fire,Dragon,8
6,Mega Charizard Y,634,78,104,78,159,115,100,Fire,Flying,9
7,Squirtle,314,44,48,65,50,64,43,Water,"",10
8,Wartortle,405,59,63,80,65,80,58,Water,"",11
9,Blastoise,530,79,83,100,85,105,78,Water,"",12
9,Mega Blastoise,630,79,103,120,135,115,78,Water,"",13
10,Caterpie,195,45,30,35,20,20,45,Bug,"",14
11,Metapod,205,50,20,55,25,25,30,Bug,"",15
12,Butterfree,395,60,45,50,90,80,70,Bug,Flying,16
13,Weedle,195,40,35,30,20,20,50,Bug,Poison,17
14,Kakuna,205,45,25,50,25,25,35,Bug,Poison,18
15,Beedrill,395,65,90,40,45,80,75,Bug,Poison,19
15,Mega Beedrill,495,65,150,40,15,80,145,Bug,Poison,20
16,Pidgey,251,40,45,40,35,35,56,Normal,Flying,21
17,Pidgeotto,349,63,60,55,50,50,71,Normal,Flying,22
18,Pidgeot,479,83,80,75,70,70,101,Normal,Flying,23
18,Mega Pidgeot,579,83,80,80,135,80,121,Normal,Flying,24
19,Rattata,253,30,56,35,25,35,72,Normal,"",25
19,Alolan Rattata,253,30,56,35,25,35,72,Dark,Normal,26
20,Raticate,413,55,81,60,50,70,97,Normal,"",27
20,Alolan Raticate,413,75,71,70,40,80,77,Dark,Normal,28
21,Spearow,262,40,60,30,31,31,70,Normal,Flying,29
22,Fearow,442,65,90,65,61,61,100,Normal,Flying,30
23,Ekans,288,35,60,44,40,54,55,Poison,"",31
24,Arbok,448,60,95,69,65,79,80,Poison,"",32
25,Pikachu,320,35,55,40,50,50,90,Electric,"",33
25,Partner Pikachu,430,45,80,50,75,60,120,Electric,"",34
26,Raichu,485,60,90,55,90,80,110,Electric,"",35
26,Alolan Raichu,485,60,85,50,95,85,110,Electric,Psychic,36
27,Sandshrew,300,50,75,85,20,30,40,Ground,"",37
27,Alolan Sandshrew,300,50,75,90,10,35,40,Ice,Steel,38
28,Sandslash,450,75,100,110,45,55,65,Ground,"",39
28,Alolan Sandslash,450,75,100,120,25,65,65,Ice,Steel,40
29,Nidoran♀,275,55,47,52,40,40,41,Poison,"",41
30,Nidorina,365,70,62,67,55,55,56,Poison,"",42
31,Nidoqueen,505,90,92,87,75,85,76,Poison,Ground,43
32,Nidoran♂,273,46,57,40,40,40,50,Poison,"",44
33,Nidorino,365,61,72,57,55,55,65,Poison,"",45
34,Nidoking,505,81,102,77,85,75,85,Poison,Ground,46
35,Clefairy,323,70,45,48,60,65,35,Fairy,"",47
36,Clefable,483,95,70,73,95,90,60,Fairy,"",48
37,Vulpix,299,38,41,40,50,65,65,Fire,"",49
37,Alolan Vulpix,299,38,41,40,50,65,65,Ice,"",50
38,Ninetales,505,73,76,75,81,100,100,Fire,"",51
38,Alolan Ninetales,505,73,67,75,81,100,109,Ice,Fairy,52
39,Jigglypuff,270,115,45,20,45,25,20,Normal,Fairy,53
40,Wigglytuff,435,140,70,45,85,50,45,Normal,Fairy,54
41,Zubat,245,40,45,35,30,40,55,Poison,Flying,55
42,Golbat,455,75,80,70,65,75,90,Poison,Flying,56
43,Oddish,320,45,50,55,75,65,30,Grass,Poison,57
44,Gloom,395,60,65,70,85,75,40,Grass,Poison,58
45,Vileplume,490,75,80,85,110,90,50,Grass,Poison,59
46,Paras,285,35,70,55,45,55,25,Bug,Grass,60
47,Parasect,405,60,95,80,60,80,30,Bug,Grass,61
48,Venonat,305,60,55,50,40,55,45,Bug,Poison,62
49,Venomoth,450,70,65,60,90,75,90,Bug,Poison,63
50,Diglett,265,10,55,25,35,45,95,Ground,"",64
50,Alolan Diglett,265,10,55,30,35,45,90,Ground,Steel,65
51,Dugtrio,425,35,100,50,50,70,120,Ground,"",66
51,Alolan Dugtrio,425,35,100,60,50,70,110,Ground,Steel,67
52,Meowth,290,40,45,35,40,40,90,Normal,"",68
52,Alolan Meowth,290,40,35,35,50,40,90,Dark,"",69
52,Galarian Meowth,290,50,65,55,40,40,40,Steel,"",70
53,Persian,440,65,70,60,65,65,115,Normal,"",71
53,Alolan Persian,440,65,60,60,75,65,115,Dark,"",72
54,Psyduck,320,50,52,48,65,50,55,Water,"",73
55,Golduck,500,80,82,78,95,80,85,Water,"",74
56,Mankey,305,40,80,35,35,45,70,Fighting,"",75
57,Primeape,455,65,105,60,60,70,95,Fighting,"",76
58,Growlithe,350,55,70,45,70,50,60,Fire,"",77
58,Hisuian Growlithe,350,60,75,45,65,50,55,Fire,Rock,78
59,Arcanine,555,90,110,80,100,80,95,Fire,"",79
59,Hisuian Arcanine,555,95,115,80,95,80,90,Fire,Rock,80
60,Poliwag,300,40,50,40,40,40,90,Water,"",81
61,Poliwhirl,385,65,65,65,50,50,90,Water,"",82
62,Poliwrath,510,90,95,95,70,90,70,Water,Fighting,83
63,Abra,310,25,20,15,105,55,90,Psychic,"",84
64,Kadabra,400,40,35,30,120,70,105,Psychic,"",85
65,Alakazam,500,55,50,45,135,95,120,Psychic,"",86
65,Mega Alakazam,600,55,50,65,175,105,150,Psychic,"",87
66,Machop,305,70,80,50,35,35,35,Fighting,"",88
67,Machoke,405,80,100,70,50,60,45,Fighting,"",89
68,Machamp,505,90,130,80,65,85,55,Fighting,"",90
69,Bellsprout,300,50,75,35,70,30,40,Grass,Poison,91
70,Weepinbell,390,65,90,50,85,45,55,Grass,Poison,92
71,Victreebel,490,80,105,65,100,70,70,Grass,Poison,93
72,Tentacool,335,40,40,35,50,100,70,Water,Poison,94
73,Tentacruel,515,80,70,65,80,120,100,Water,Poison,95
74,Geodude,300,40,80,100,30,30,20,Rock,Ground,96
74,Alolan Geodude,300,40,80,100,30,30,20,Rock,Electric,97
75,Graveler,390,55,95,115,45,45,35,Rock,Ground,98
75,Alolan Graveler,390,55,95,115,45,45,35,Rock,Electric,99
76,Golem,495,80,120,130,55,65,45,Rock,Ground,100
76,Alolan Golem,495,80,120,130,55,65,45,Rock,Electric,101
77,Ponyta,410,50,85,55,65,65,90,Fire,"",102
77,Galarian Ponyta,410,50,85,55,65,65,90,Psychic,"",103
78,Rapidash,500,65,100,70,80,80,105,Fire,"",104
78,Galarian Rapidash,500,65,100,70,80,80,105,Psychic,Fairy,105
79,Slowpoke,315,90,65,65,40,40,15,Water,Psychic,106
79,Galarian Slowpoke,315,90,65,65,40,40,15,Psychic,"",107
80,Slowbro,490,95,75,110,100,80,30,Water,Psychic,108
80,Mega Slowbro,590,95,75,180,130,80,30,Water,Psychic,109
80,Galarian Slowbro,490,95,100,95,100,70,30,Poison,Psychic,110
81,Magnemite,325,25,35,70,95,55,45,Electric,Steel,111
82,Magneton,465,50,60,95,120,70,70,Electric,Steel,112
83,Farfetch'd,377,52,90,55,58,62,60,Normal,Flying,113
83,Galarian Farfetch'd,377,52,95,55,58,62,55,Fighting,"",114
84,Doduo,310,35,85,45,35,35,75,Normal,Flying,115
85,Dodrio,470,60,110,70,60,60,110,Normal,Flying,116
86,Seel,325,65,45,55,45,70,45,Water,"",117
87,Dewgong,475,90,70,80,70,95,70,Water,Ice,118
88,Grimer,325,80,80,50,40,50,25,Poison,"",119
88,Alolan Grimer,325,80,80,50,40,50,25,Poison,Dark,120
89,Muk,500,105,105,75,65,100,50,Poison,"",121
89,Alolan Muk,500,105,105,75,65,100,50,Poison,Dark,122
90,Shellder,305,30,65,100,45,25,40,Water,"",123
91,Cloyster,525,50,95,180,85,45,70,Water,Ice,124
92,Gastly,310,30,35,30,100,35,80,Ghost,Poison,125
93,Haunter,405,45,50,45,115,55,95,Ghost,Poison,126
94,Gengar,500,60,65,60,130,75,110,Ghost,Poison,127
94,Mega Gengar,600,60,65,80,170,95,130,Ghost,Poison,128
95,Onix,385,35,45,160,30,45,70,Rock,Ground,129
96,Drowzee,328,60,48,45,43,90,42,Psychic,"",130
97,Hypno,483,85,73,70,73,115,67,Psychic,"",131
98,Krabby,325,30,105,90,25,25,50,Water,"",132
99,Kingler,475,55,130,115,50,50,75,Water,"",133
100,Voltorb,330,40,30,50,55,55,100,Electric,"",134
100,Hisuian Voltorb,330,40,30,50,55,55,100,Electric,Grass,135
101,Electrode,490,60,50,70,80,80,150,Electric,"",136
101,Hisuian Electrode,490,60,50,70,80,80,150,Electric,Grass,137
102,Exeggcute,325,60,40,80,60,45,40,Grass,Psychic,138
103,Exeggutor,530,95,95,85,125,75,55,Grass,Psychic,139
103,Alolan Exeggutor,530,95,105,85,125,75,45,Grass,Dragon,140
104,Cubone,320,50,50,95,40,50,35,Ground,"",141
105,Marowak,425,60,80,110,50,80,45,Ground,"",142
105,Alolan Marowak,425,60,80,110,50,80,45,Fire,Ghost,143
106,Hitmonlee,455,50,120,53,35,110,87,Fighting,"",144
107,Hitmonchan,455,50,105,79,35,110,76,Fighting,"",145
108,Lickitung,385,90,55,75,60,75,30,Normal,"",146
109,Koffing,340,40,65,95,60,45,35,Poison,"",147
110,Weezing,490,65,90,120,85,70,60,Poison,"",148
110,Galarian Weezing,490,65,90,120,85,70,60,Poison,Fairy,149
111,Rhyhorn,345,80,85,95,30,30,25,Ground,Rock,150
112,Rhydon,485,105,130,120,45,45,40,Ground,Rock,151
113,Chansey,450,250,5,5,35,105,50,Normal,"",152
114,Tangela,435,65,55,115,100,40,60,Grass,"",153
115,Kangaskhan,490,105,95,80,40,80,90,Normal,"",154
115,Mega Kangaskhan,590,105,125,100,60,100,100,Normal,"",155
116,Horsea,295,30,40,70,70,25,60,Water,"",156
117,Seadra,440,55,65,95,95,45,85,Water,"",157
118,Goldeen,320,45,67,60,35,50,63,Water,"",158
119,Seaking,450,80,92,65,65,80,68,Water,"",159
120,Staryu,340,30,45,55,70,55,85,Water,"",160
121,Starmie,520,60,75,85,100,85,115,Water,Psychic,161
122,Mime,460,40,45,65,100,120,90,Psychic,Fairy,162
122,Mime Galarian Mr. Mime,460,50,65,65,90,90,100,Ice,Psychic,163
123,Scyther,500,70,110,80,55,80,105,Bug,Flying,164
124,Jynx,455,65,50,35,115,95,95,Ice,Psychic,165
125,Electabuzz,490,65,83,57,95,85,105,Electric,"",166
126,Magmar,495,65,95,57,100,85,93,Fire,"",167
127,Pinsir,500,65,125,100,55,70,85,Bug,"",168
127,Mega Pinsir,600,65,155,120,65,90,105,Bug,Flying,169
128,Tauros,490,75,100,95,40,70,110,Normal,"",170
128,Combat Breed,490,75,110,105,30,70,100,Fighting,"",171
128,Blaze Breed,490,75,110,105,30,70,100,Fighting,Fire,172
128,Aqua Breed,490,75,110,105,30,70,100,Fighting,Water,173
129,Magikarp,200,20,10,55,15,20,80,Water,"",174
130,Gyarados,540,95,125,79,60,100,81,Water,Flying,175
130,Mega Gyarados,640,95,155,109,70,130,81,Water,Dark,176
131,Lapras,535,130,85,80,85,95,60,Water,Ice,177
132,Ditto,288,48,48,48,48,48,48,Normal,"",178
133,Eevee,325,55,55,50,45,65,55,Normal,"",179
133,Partner Eevee,435,65,75,70,65,85,75,Normal,"",180
134,Vaporeon,525,130,65,60,110,95,65,Water,"",181
135,Jolteon,525,65,65,60,110,95,130,Electric,"",182
136,Flareon,525,65,130,60,95,110,65,Fire,"",183
137,Porygon,395,65,60,70,85,75,40,Normal,"",184
138,Omanyte,355,35,40,100,90,55,35,Rock,Water,185
139,Omastar,495,70,60,125,115,70,55,Rock,Water,186
140,Kabuto,355,30,80,90,55,45,55,Rock,Water,187
141,Kabutops,495,60,115,105,65,70,80,Rock,Water,188
142,Aerodactyl,515,80,105,65,60,75,130,Rock,Flying,189
142,Mega Aerodactyl,615,80,135,85,70,95,150,Rock,Flying,190
143,Snorlax,540,160,110,65,65,110,30,Normal,"",191
144,Articuno,580,90,85,100,95,125,85,Ice,Flying,192
144,Galarian Articuno,580,90,85,85,125,100,95,Psychic,Flying,193
145,Zapdos,580,90,90,85,125,90,100,Electric,Flying,194
145,Galarian Zapdos,580,90,125,90,85,90,100,Fighting,Flying,195
146,Moltres,580,90,100,90,125,85,90,Fire,Flying,196
146,Galarian Moltres,580,90,85,90,100,125,90,Dark,Flying,197
147,Dratini,300,41,64,45,50,50,50,Dragon,"",198
148,Dragonair,420,61,84,65,70,70,70,Dragon,"",199
149,Dragonite,600,91,134,95,100,100,80,Dragon,Flying,200
150,Mewtwo,680,106,110,90,154,90,130,Psychic,"",201
150,Mega Mewtwo X,780,106,190,100,154,100,130,Psychic,Fighting,202
150,Mega Mewtwo Y,780,106,150,70,194,120,140,Psychic,"",203
151,Mew,600,100,100,100,100,100,100,Psychic,"",204
152,Chikorita,318,45,49,65,49,65,45,Grass,"",205
153,Bayleef,405,60,62,80,63,80,60,Grass,"",206
154,Meganium,525,80,82,100,83,100,80,Grass,"",207
155,Cyndaquil,309,39,52,43,60,50,65,Fire,"",208
156,Quilava,405,58,64,58,80,65,80,Fire,"",209
157,Typhlosion,534,78,84,78,109,85,100,Fire,"",210
157,Hisuian Typhlosion,534,73,84,78,119,85,95,Fire,Ghost,211
158,Totodile,314,50,65,64,44,48,43,Water,"",212
159,Croconaw,405,65,80,80,59,63,58,Water,"",213
160,Feraligatr,530,85,105,100,79,83,78,Water,"",214
161,Sentret,215,35,46,34,35,45,20,Normal,"",215
162,Furret,415,85,76,64,45,55,90,Normal,"",216
163,Hoothoot,262,60,30,30,36,56,50,Normal,Flying,217
164,Noctowl,452,100,50,50,86,96,70,Normal,Flying,218
165,Ledyba,265,40,20,30,40,80,55,Bug,Flying,219
166,Ledian,390,55,35,50,55,110,85,Bug,Flying,220
167,Spinarak,250,40,60,40,40,40,30,Bug,Poison,221
168,Ariados,400,70,90,70,60,70,40,Bug,Poison,222
169,Crobat,535,85,90,80,70,80,130,Poison,Flying,223
170,Chinchou,330,75,38,38,56,56,67,Water,Electric,224
171,Lanturn,460,125,58,58,76,76,67,Water,Electric,225
172,Pichu,205,20,40,15,35,35,60,Electric,"",226
173,Cleffa,218,50,25,28,45,55,15,Fairy,"",227
174,Igglybuff,210,90,30,15,40,20,15,Normal,Fairy,228
175,Togepi,245,35,20,65,40,65,20,Fairy,"",229
176,Togetic,405,55,40,85,80,105,40,Fairy,Flying,230
177,Natu,320,40,50,45,70,45,70,Psychic,Flying,231
178,Xatu,470,65,75,70,95,70,95,Psychic,Flying,232
179,Mareep,280,55,40,40,65,45,35,Electric,"",233
180,Flaaffy,365,70,55,55,80,60,45,Electric,"",234
181,Ampharos,510,90,75,85,115,90,55,Electric,"",235
181,Mega Ampharos,610,90,95,105,165,110,45,Electric,Dragon,236
182,Bellossom,490,75,80,95,90,100,50,Grass,"",237
183,Marill,250,70,20,50,20,50,40,Water,Fairy,238
184,Azumarill,420,100,50,80,60,80,50,Water,Fairy,239
185,Sudowoodo,410,70,100,115,30,65,30,Rock,"",240
186,Politoed,500,90,75,75,90,100,70,Water,"",241
187,Hoppip,250,35,35,40,35,55,50,Grass,Flying,242
188,Skiploom,340,55,45,50,45,65,80,Grass,Flying,243
189,Jumpluff,460,75,55,70,55,95,110,Grass,Flying,244
190,Aipom,360,55,70,55,40,55,85,Normal,"",245
191,Sunkern,180,30,30,30,30,30,30,Grass,"",246
192,Sunflora,425,75,75,55,105,85,30,Grass,"",247
193,Yanma,390,65,65,45,75,45,95,Bug,Flying,248
194,Wooper,210,55,45,45,25,25,15,Water,Ground,249
194,Paldean Wooper,210,55,45,45,25,25,15,Poison,Ground,250
195,Quagsire,430,95,85,85,65,65,35,Water,Ground,251
196,Espeon,525,65,65,60,130,95,110,Psychic,"",252
197,Umbreon,525,95,65,110,60,130,65,Dark,"",253
198,Murkrow,405,60,85,42,85,42,91,Dark,Flying,254
199,Slowking,490,95,75,80,100,110,30,Water,Psychic,255
199,Galarian Slowking,490,95,65,80,110,110,30,Poison,Psychic,256
200,Misdreavus,435,60,60,60,85,85,85,Ghost,"",257
201,Unown,336,48,72,48,72,48,48,Psychic,"",258
202,Wobbuffet,405,190,33,58,33,58,33,Psychic,"",259
203,Girafarig,455,70,80,65,90,65,85,Normal,Psychic,260
204,Pineco,290,50,65,90,35,35,15,Bug,"",261
205,Forretress,465,75,90,140,60,60,40,Bug,Steel,262
206,Dunsparce,415,100,70,70,65,65,45,Normal,"",263
207,Gligar,430,65,75,105,35,65,85,Ground,Flying,264
208,Steelix,510,75,85,200,55,65,30,Steel,Ground,265
208,Mega Steelix,610,75,125,230,55,95,30,Steel,Ground,266
209,Snubbull,300,60,80,50,40,40,30,Fairy,"",267
210,Granbull,450,90,120,75,60,60,45,Fairy,"",268
211,Qwilfish,440,65,95,85,55,55,85,Water,Poison,269
211,Hisuian Qwilfish,440,65,95,85,55,55,85,Dark,Poison,270
212,Scizor,500,70,130,100,55,80,65,Bug,Steel,271
212,Mega Scizor,600,70,150,140,65,100,75,Bug,Steel,272
213,Shuckle,505,20,10,230,10,230,5,Bug,Rock,273
214,Heracross,500,80,125,75,40,95,85,Bug,Fighting,274
214,Mega Heracross,600,80,185,115,40,105,75,Bug,Fighting,275
215,Sneasel,430,55,95,55,35,75,115,Dark,Ice,276
215,Hisuian Sneasel,430,55,95,55,35,75,115,Fighting,Poison,277
216,Teddiursa,330,60,80,50,50,50,40,Normal,"",278
217,Ursaring,500,90,130,75,75,75,55,Normal,"",279
218,Slugma,250,40,40,40,70,40,20,Fire,"",280
219,Magcargo,430,60,50,120,90,80,30,Fire,Rock,281
220,Swinub,250,50,50,40,30,30,50,Ice,Ground,282
221,Piloswine,450,100,100,80,60,60,50,Ice,Ground,283
222,Corsola,410,65,55,95,65,95,35,Water,Rock,284
222,Galarian Corsola,410,60,55,100,65,100,30,Ghost,"",285
223,Remoraid,300,35,65,35,65,35,65,Water,"",286
224,Octillery,480,75,105,75,105,75,45,Water,"",287
225,Delibird,330,45,55,45,65,45,75,Ice,Flying,288
226,Mantine,485,85,40,70,80,140,70,Water,Flying,289
227,Skarmory,465,65,80,140,40,70,70,Steel,Flying,290
228,Houndour,330,45,60,30,80,50,65,Dark,Fire,291
229,Houndoom,500,75,90,50,110,80,95,Dark,Fire,292
229,Mega Houndoom,600,75,90,90,140,90,115,Dark,Fire,293
230,Kingdra,540,75,95,95,95,95,85,Water,Dragon,294
231,Phanpy,330,90,60,60,40,40,40,Ground,"",295
232,Donphan,500,90,120,120,60,60,50,Ground,"",296
233,Porygon2,515,85,80,90,105,95,60,Normal,"",297
234,Stantler,465,73,95,62,85,65,85,Normal,"",298
235,Smeargle,250,55,20,35,20,45,75,Normal,"",299
236,Tyrogue,210,35,35,35,35,35,35,Fighting,"",300
237,Hitmontop,455,50,95,95,35,110,70,Fighting,"",301
238,Smoochum,305,45,30,15,85,65,65,Ice,Psychic,302
239,Elekid,360,45,63,37,65,55,95,Electric,"",303
240,Magby,365,45,75,37,70,55,83,Fire,"",304
241,Miltank,490,95,80,105,40,70,100,Normal,"",305
242,Blissey,540,255,10,10,75,135,55,Normal,"",306
243,Raikou,580,90,85,75,115,100,115,Electric,"",307
244,Entei,580,115,115,85,90,75,100,Fire,"",308
245,Suicune,580,100,75,115,90,115,85,Water,"",309
246,Larvitar,300,50,64,50,45,50,41,Rock,Ground,310
247,Pupitar,410,70,84,70,65,70,51,Rock,Ground,311
248,Tyranitar,600,100,134,110,95,100,61,Rock,Dark,312
248,Mega Tyranitar,700,100,164,150,95,120,71,Rock,Dark,313
249,Lugia,680,106,90,130,90,154,110,Psychic,Flying,314
250,Ho-oh,680,106,130,90,110,154,90,Fire,Flying,315
251,Celebi,600,100,100,100,100,100,100,Psychic,Grass,316
252,Treecko,310,40,45,35,65,55,70,Grass,"",317
253,Grovyle,405,50,65,45,85,65,95,Grass,"",318
254,Sceptile,530,70,85,65,105,85,120,Grass,"",319
254,Mega Sceptile,630,70,110,75,145,85,145,Grass,Dragon,320
255,Torchic,310,45,60,40,70,50,45,Fire,"",321
256,Combusken,405,60,85,60,85,60,55,Fire,Fighting,322
257,Blaziken,530,80,120,70,110,70,80,Fire,Fighting,323
257,Mega Blaziken,630,80,160,80,130,80,100,Fire,Fighting,324
258,Mudkip,310,50,70,50,50,50,40,Water,"",325
259,Marshtomp,405,70,85,70,60,70,50,Water,Ground,326
260,Swampert,535,100,110,90,85,90,60,Water,Ground,327
260,Mega Swampert,635,100,150,110,95,110,70,Water,Ground,328
261,Poochyena,220,35,55,35,30,30,35,Dark,"",329
262,Mightyena,420,70,90,70,60,60,70,Dark,"",330
263,Zigzagoon,240,38,30,41,30,41,60,Normal,"",331
263,Galarian Zigzagoon,240,38,30,41,30,41,60,Dark,Normal,332
264,Linoone,420,78,70,61,50,61,100,Normal,"",333
264,Galarian Linoone,420,78,70,61,50,61,100,Dark,Normal,334
265,Wurmple,195,45,45,35,20,30,20,Bug,"",335
266,Silcoon,205,50,35,55,25,25,15,Bug,"",336
267,Beautifly,395,60,70,50,100,50,65,Bug,Flying,337
268,Cascoon,205,50,35,55,25,25,15,Bug,"",338
269,Dustox,385,60,50,70,50,90,65,Bug,Poison,339
270,Lotad,220,40,30,30,40,50,30,Water,Grass,340
271,Lombre,340,60,50,50,60,70,50,Water,Grass,341
272,Ludicolo,480,80,70,70,90,100,70,Water,Grass,342
273,Seedot,220,40,40,50,30,30,30,Grass,"",343
274,Nuzleaf,340,70,70,40,60,40,60,Grass,Dark,344
275,Shiftry,480,90,100,60,90,60,80,Grass,Dark,345
276,Taillow,270,40,55,30,30,30,85,Normal,Flying,346
277,Swellow,455,60,85,60,75,50,125,Normal,Flying,347
278,Wingull,270,40,30,30,55,30,85,Water,Flying,348
279,Pelipper,440,60,50,100,95,70,65,Water,Flying,349
280,Ralts,198,28,25,25,45,35,40,Psychic,Fairy,350
281,Kirlia,278,38,35,35,65,55,50,Psychic,Fairy,351
282,Gardevoir,518,68,65,65,125,115,80,Psychic,Fairy,352
282,Mega Gardevoir,618,68,85,65,165,135,100,Psychic,Fairy,353
283,Surskit,269,40,30,32,50,52,65,Bug,Water,354
284,Masquerain,454,70,60,62,100,82,80,Bug,Flying,355
285,Shroomish,295,60,40,60,40,60,35,Grass,"",356
286,Breloom,460,60,130,80,60,60,70,Grass,Fighting,357
287,Slakoth,280,60,60,60,35,35,30,Normal,"",358
288,Vigoroth,440,80,80,80,55,55,90,Normal,"",359
289,Slaking,670,150,160,100,95,65,100,Normal,"",360
290,Nincada,266,31,45,90,30,30,40,Bug,Ground,361
291,Ninjask,456,61,90,45,50,50,160,Bug,Flying,362
292,Shedinja,236,1,90,45,30,30,40,Bug,Ghost,363
293,Whismur,240,64,51,23,51,23,28,Normal,"",364
294,Loudred,360,84,71,43,71,43,48,Normal,"",365
295,Exploud,490,104,91,63,91,73,68,Normal,"",366
296,Makuhita,237,72,60,30,20,30,25,Fighting,"",367
297,Hariyama,474,144,120,60,40,60,50,Fighting,"",368
298,Azurill,190,50,20,40,20,40,20,Normal,Fairy,369
299,Nosepass,375,30,45,135,45,90,30,Rock,"",370
300,Skitty,260,50,45,45,35,35,50,Normal,"",371
301,Delcatty,400,70,65,65,55,55,90,Normal,"",372
302,Sableye,380,50,75,75,65,65,50,Dark,Ghost,373
302,Mega Sableye,480,50,85,125,85,115,20,Dark,Ghost,374
303,Mawile,380,50,85,85,55,55,50,Steel,Fairy,375
303,Mega Mawile,480,50,105,125,55,95,50,Steel,Fairy,376
304,Aron,330,50,70,100,40,40,30,Steel,Rock,377
305,Lairon,430,60,90,140,50,50,40,Steel,Rock,378
306,Aggron,530,70,110,180,60,60,50,Steel,Rock,379
306,Mega Aggron,630,70,140,230,60,80,50,Steel,"",380
307,Meditite,280,30,40,55,40,55,60,Fighting,Psychic,381
308,Medicham,410,60,60,75,60,75,80,Fighting,Psychic,382
308,Mega Medicham,510,60,100,85,80,85,100,Fighting,Psychic,383
309,Electrike,295,40,45,40,65,40,65,Electric,"",384
310,Manectric,475,70,75,60,105,60,105,Electric,"",385
310,Mega Manectric,575,70,75,80,135,80,135,Electric,"",386
311,Plusle,405,60,50,40,85,75,95,Electric,"",387
312,Minun,405,60,40,50,75,85,95,Electric,"",388
313,Volbeat,430,65,73,75,47,85,85,Bug,"",389
314,Illumise,430,65,47,75,73,85,85,Bug,"",390
315,Roselia,400,50,60,45,100,80,65,Grass,Poison,391
316,Gulpin,302,70,43,53,43,53,40,Poison,"",392
317,Swalot,467,100,73,83,73,83,55,Poison,"",393
318,Carvanha,305,45,90,20,65,20,65,Water,Dark,394
319,Sharpedo,460,70,120,40,95,40,95,Water,Dark,395
319,Mega Sharpedo,560,70,140,70,110,65,105,Water,Dark,396
320,Wailmer,400,130,70,35,70,35,60,Water,"",397
321,Wailord,500,170,90,45,90,45,60,Water,"",398
322,Numel,305,60,60,40,65,45,35,Fire,Ground,399
323,Camerupt,460,70,100,70,105,75,40,Fire,Ground,400
323,Mega Camerupt,560,70,120,100,145,105,20,Fire,Ground,401
324,Torkoal,470,70,85,140,85,70,20,Fire,"",402
325,Spoink,330,60,25,35,70,80,60,Psychic,"",403
326,Grumpig,470,80,45,65,90,110,80,Psychic,"",404
327,Spinda,360,60,60,60,60,60,60,Normal,"",405
328,Trapinch,290,45,100,45,45,45,10,Ground,"",406
329,Vibrava,340,50,70,50,50,50,70,Ground,Dragon,407
330,Flygon,520,80,100,80,80,80,100,Ground,Dragon,408
331,Cacnea,335,50,85,40,85,40,35,Grass,"",409
332,Cacturne,475,70,115,60,115,60,55,Grass,Dark,410
333,Swablu,310,45,40,60,40,75,50,Normal,Flying,411
334,Altaria,490,75,70,90,70,105,80,Dragon,Flying,412
334,Mega Altaria,590,75,110,110,110,105,80,Dragon,Fairy,413
335,Zangoose,458,73,115,60,60,60,90,Normal,"",414
336,Seviper,458,73,100,60,100,60,65,Poison,"",415
337,Lunatone,460,90,55,65,95,85,70,Rock,Psychic,416
338,Solrock,460,90,95,85,55,65,70,Rock,Psychic,417
339,Barboach,288,50,48,43,46,41,60,Water,Ground,418
340,Whiscash,468,110,78,73,76,71,60,Water,Ground,419
341,Corphish,308,43,80,65,50,35,35,Water,"",420
342,Crawdaunt,468,63,120,85,90,55,55,Water,Dark,421
343,Baltoy,300,40,40,55,40,70,55,Ground,Psychic,422
344,Claydol,500,60,70,105,70,120,75,Ground,Psychic,423
345,Lileep,355,66,41,77,61,87,23,Rock,Grass,424
346,Cradily,495,86,81,97,81,107,43,Rock,Grass,425
347,Anorith,355,45,95,50,40,50,75,Rock,Bug,426
348,Armaldo,495,75,125,100,70,80,45,Rock,Bug,427
349,Feebas,200,20,15,20,10,55,80,Water,"",428
350,Milotic,540,95,60,79,100,125,81,Water,"",429
351,Castform,420,70,70,70,70,70,70,Normal,"",430
351,Sunny Form,420,70,70,70,70,70,70,Fire,"",431
351,Rainy Form,420,70,70,70,70,70,70,Water,"",432
351,Snowy Form,420,70,70,70,70,70,70,Ice,"",433
352,Kecleon,440,60,90,70,60,120,40,Normal,"",434
353,Shuppet,295,44,75,35,63,33,45,Ghost,"",435
354,Banette,455,64,115,65,83,63,65,Ghost,"",436
354,Mega Banette,555,64,165,75,93,83,75,Ghost,"",437
355,Duskull,295,20,40,90,30,90,25,Ghost,"",438
356,Dusclops,455,40,70,130,60,130,25,Ghost,"",439
357,Tropius,460,99,68,83,72,87,51,Grass,Flying,440
358,Chimecho,455,75,50,80,95,90,65,Psychic,"",441
359,Absol,465,65,130,60,75,60,75,Dark,"",442
359,Mega Absol,565,65,150,60,115,60,115,Dark,"",443
360,Wynaut,260,95,23,48,23,48,23,Psychic,"",444
361,Snorunt,300,50,50,50,50,50,50,Ice,"",445
362,Glalie,480,80,80,80,80,80,80,Ice,"",446
362,Mega Glalie,580,80,120,80,120,80,100,Ice,"",447
363,Spheal,290,70,40,50,55,50,25,Ice,Water,448
364,Sealeo,410,90,60,70,75,70,45,Ice,Water,449
365,Walrein,530,110,80,90,95,90,65,Ice,Water,450
366,Clamperl,345,35,64,85,74,55,32,Water,"",451
367,Huntail,485,55,104,105,94,75,52,Water,"",452
368,Gorebyss,485,55,84,105,114,75,52,Water,"",453
369,Relicanth,485,100,90,130,45,65,55,Water,Rock,454
370,Luvdisc,330,43,30,55,40,65,97,Water,"",455
371,Bagon,300,45,75,60,40,30,50,Dragon,"",456
372,Shelgon,420,65,95,100,60,50,50,Dragon,"",457
373,Salamence,600,95,135,80,110,80,100,Dragon,Flying,458
373,Mega Salamence,700,95,145,130,120,90,120,Dragon,Flying,459
374,Beldum,300,40,55,80,35,60,30,Steel,Psychic,460
375,Metang,420,60,75,100,55,80,50,Steel,Psychic,461
376,Metagross,600,80,135,130,95,90,70,Steel,Psychic,462
376,Mega Metagross,700,80,145,150,105,110,110,Steel,Psychic,463
377,Regirock,580,80,100,200,50,100,50,Rock,"",464
378,Regice,580,80,50,100,100,200,50,Ice,"",465
379,Registeel,580,80,75,150,75,150,50,Steel,"",466
380,Latias,600,80,80,90,110,130,110,Dragon,Psychic,467
380,Mega Latias,700,80,100,120,140,150,110,Dragon,Psychic,468
381,Latios,600,80,90,80,130,110,110,Dragon,Psychic,469
381,Mega Latios,700,80,130,100,160,120,110,Dragon,Psychic,470
382,Kyogre,670,100,100,90,150,140,90,Water,"",471
382,Primal Kyogre,770,100,150,90,180,160,90,Water,"",472
383,Groudon,670,100,150,140,100,90,90,Ground,"",473
383,Primal Groudon,770,100,180,160,150,90,90,Ground,Fire,474
384,Rayquaza,680,105,150,90,150,90,95,Dragon,Flying,475
384,Mega Rayquaza,780,105,180,100,180,100,115,Dragon,Flying,476
385,Jirachi,600,100,100,100,100,100,100,Steel,Psychic,477
386,Normal Forme,600,50,150,50,150,50,150,Psychic,"",478
386,Attack Forme,600,50,180,20,180,20,150,Psychic,"",479
386,Defense Forme,600,50,70,160,70,160,90,Psychic,"",480
386,Speed Forme,600,50,95,90,95,90,180,Psychic,"",481
387,Turtwig,318,55,68,64,45,55,31,Grass,"",482
388,Grotle,405,75,89,85,55,65,36,Grass,"",483
389,Torterra,525,95,109,105,75,85,56,Grass,Ground,484
390,Chimchar,309,44,58,44,58,44,61,Fire,"",485
391,Monferno,405,64,78,52,78,52,81,Fire,Fighting,486
392,Infernape,534,76,104,71,104,71,108,Fire,Fighting,487
393,Piplup,314,53,51,53,61,56,40,Water,"",488
394,Prinplup,405,64,66,68,81,76,50,Water,"",489
395,Empoleon,530,84,86,88,111,101,60,Water,Steel,490
396,Starly,245,40,55,30,30,30,60,Normal,Flying,491
397,Staravia,340,55,75,50,40,40,80,Normal,Flying,492
398,Staraptor,485,85,120,70,50,60,100,Normal,Flying,493
399,Bidoof,250,59,45,40,35,40,31,Normal,"",494
400,Bibarel,410,79,85,60,55,60,71,Normal,Water,495
401,Kricketot,194,37,25,41,25,41,25,Bug,"",496
402,Kricketune,384,77,85,51,55,51,65,Bug,"",497
403,Shinx,263,45,65,34,40,34,45,Electric,"",498
404,Luxio,363,60,85,49,60,49,60,Electric,"",499
405,Luxray,523,80,120,79,95,79,70,Electric,"",500
406,Budew,280,40,30,35,50,70,55,Grass,Poison,501
407,Roserade,515,60,70,65,125,105,90,Grass,Poison,502
408,Cranidos,350,67,125,40,30,30,58,Rock,"",503
409,Rampardos,495,97,165,60,65,50,58,Rock,"",504
410,Shieldon,350,30,42,118,42,88,30,Rock,Steel,505
411,Bastiodon,495,60,52,168,47,138,30,Rock,Steel,506
412,Plant Cloak,224,40,29,45,29,45,36,Bug,"",507
412,Sandy Cloak,224,40,29,45,29,45,36,Bug,"",508
412,Trash Cloak,224,40,29,45,29,45,36,Bug,"",509
413,Plant Cloak,424,60,59,85,79,105,36,Bug,Grass,510
413,Sandy Cloak,424,60,79,105,59,85,36,Bug,Ground,511
413,Trash Cloak,424,60,69,95,69,95,36,Bug,Steel,512
414,Mothim,424,70,94,50,94,50,66,Bug,Flying,513
415,Combee,244,30,30,42,30,42,70,Bug,Flying,514
416,Vespiquen,474,70,80,102,80,102,40,Bug,Flying,515
417,Pachirisu,405,60,45,70,45,90,95,Electric,"",516
418,Buizel,330,55,65,35,60,30,85,Water,"",517
419,Floatzel,495,85,105,55,85,50,115,Water,"",518
420,Cherubi,275,45,35,45,62,53,35,Grass,"",519
421,Cherrim,450,70,60,70,87,78,85,Grass,"",520
422,Shellos,325,76,48,48,57,62,34,Water,"",521
423,Gastrodon,475,111,83,68,92,82,39,Water,Ground,522
424,Ambipom,482,75,100,66,60,66,115,Normal,"",523
425,Drifloon,348,90,50,34,60,44,70,Ghost,Flying,524
426,Drifblim,498,150,80,44,90,54,80,Ghost,Flying,525
427,Buneary,350,55,66,44,44,56,85,Normal,"",526
428,Lopunny,480,65,76,84,54,96,105,Normal,"",527
428,Mega Lopunny,580,65,136,94,54,96,135,Normal,Fighting,528
429,Mismagius,495,60,60,60,105,105,105,Ghost,"",529
430,Honchkrow,505,100,125,52,105,52,71,Dark,Flying,530
431,Glameow,310,49,55,42,42,37,85,Normal,"",531
432,Purugly,452,71,82,64,64,59,112,Normal,"",532
433,Chingling,285,45,30,50,65,50,45,Psychic,"",533
434,Stunky,329,63,63,47,41,41,74,Poison,Dark,534
435,Skuntank,479,103,93,67,71,61,84,Poison,Dark,535
436,Bronzor,300,57,24,86,24,86,23,Steel,Psychic,536
437,Bronzong,500,67,89,116,79,116,33,Steel,Psychic,537
438,Bonsly,290,50,80,95,10,45,10,Rock,"",538
439,Jr.,310,20,25,45,70,90,60,Psychic,Fairy,539
440,Happiny,220,100,5,5,15,65,30,Normal,"",540
441,Chatot,411,76,65,45,92,42,91,Normal,Flying,541
442,Spiritomb,485,50,92,108,92,108,35,Ghost,Dark,542
443,Gible,300,58,70,45,40,45,42,Dragon,Ground,543
444,Gabite,410,68,90,65,50,55,82,Dragon,Ground,544
445,Garchomp,600,108,130,95,80,85,102,Dragon,Ground,545
445,Mega Garchomp,700,108,170,115,120,95,92,Dragon,Ground,546
446,Munchlax,390,135,85,40,40,85,5,Normal,"",547
447,Riolu,285,40,70,40,35,40,60,Fighting,"",548
448,Lucario,525,70,110,70,115,70,90,Fighting,Steel,549
448,Mega Lucario,625,70,145,88,140,70,112,Fighting,Steel,550
449,Hippopotas,330,68,72,78,38,42,32,Ground,"",551
450,Hippowdon,525,108,112,118,68,72,47,Ground,"",552
451,Skorupi,330,40,50,90,30,55,65,Poison,Bug,553
452,Drapion,500,70,90,110,60,75,95,Poison,Dark,554
453,Croagunk,300,48,61,40,61,40,50,Poison,Fighting,555
454,Toxicroak,490,83,106,65,86,65,85,Poison,Fighting,556
455,Carnivine,454,74,100,72,90,72,46,Grass,"",557
456,Finneon,330,49,49,56,49,61,66,Water,"",558
457,Lumineon,460,69,69,76,69,86,91,Water,"",559
458,Mantyke,345,45,20,50,60,120,50,Water,Flying,560
459,Snover,334,60,62,50,62,60,40,Grass,Ice,561
460,Abomasnow,494,90,92,75,92,85,60,Grass,Ice,562
460,Mega Abomasnow,594,90,132,105,132,105,30,Grass,Ice,563
461,Weavile,510,70,120,65,45,85,125,Dark,Ice,564
462,Magnezone,535,70,70,115,130,90,60,Electric,Steel,565
463,Lickilicky,515,110,85,95,80,95,50,Normal,"",566
464,Rhyperior,535,115,140,130,55,55,40,Ground,Rock,567
465,Tangrowth,535,100,100,125,110,50,50,Grass,"",568
466,Electivire,540,75,123,67,95,85,95,Electric,"",569
467,Magmortar,540,75,95,67,125,95,83,Fire,"",570
468,Togekiss,545,85,50,95,120,115,80,Fairy,Flying,571
469,Yanmega,515,86,76,86,116,56,95,Bug,Flying,572
470,Leafeon,525,65,110,130,60,65,95,Grass,"",573
471,Glaceon,525,65,60,110,130,95,65,Ice,"",574
472,Gliscor,510,75,95,125,45,75,95,Ground,Flying,575
473,Mamoswine,530,110,130,80,70,60,80,Ice,Ground,576
474,Porygon-Z,535,85,80,70,135,75,90,Normal,"",577
475,Gallade,518,68,125,65,65,115,80,Psychic,Fighting,578
475,Mega Gallade,618,68,165,95,65,115,110,Psychic,Fighting,579
476,Probopass,525,60,55,145,75,150,40,Rock,Steel,580
477,Dusknoir,525,45,100,135,65,135,45,Ghost,"",581
478,Froslass,480,70,80,70,80,70,110,Ice,Ghost,582
479,Rotom,440,50,50,77,95,77,91,Electric,Ghost,583
479,Heat Rotom,520,50,65,107,105,107,86,Electric,Fire,584
479,Wash Rotom,520,50,65,107,105,107,86,Electric,Water,585
479,Frost Rotom,520,50,65,107,105,107,86,Electric,Ice,586
479,Fan Rotom,520,50,65,107,105,107,86,Electric,Flying,587
479,Mow Rotom,520,50,65,107,105,107,86,Electric,Grass,588
480,Uxie,580,75,75,130,75,130,95,Psychic,"",589
481,Mesprit,580,80,105,105,105,105,80,Psychic,"",590
482,Azelf,580,75,125,70,125,70,115,Psychic,"",591
483,Dialga,680,100,120,120,150,100,90,Steel,Dragon,592
483,Origin Forme,680,100,100,120,150,120,90,Steel,Dragon,593
484,Palkia,680,90,120,100,150,120,100,Water,Dragon,594
484,Origin Forme,680,90,100,100,150,120,120,Water,Dragon,595
485,Heatran,600,91,90,106,130,106,77,Fire,Steel,596
486,Regigigas,670,110,160,110,80,110,100,Normal,"",597
487,Altered Forme,680,150,100,120,100,120,90,Ghost,Dragon,598
487,Origin Forme,680,150,120,100,120,100,90,Ghost,Dragon,599
488,Cresselia,580,120,70,110,75,120,85,Psychic,"",600
489,Phione,480,80,80,80,80,80,80,Water,"",601
490,Manaphy,600,100,100,100,100,100,100,Water,"",602
491,Darkrai,600,70,90,90,135,90,125,Dark,"",603
492,Land Forme,600,100,100,100,100,100,100,Grass,"",604
492,Sky Forme,600,100,103,75,120,75,127,Grass,Flying,605
493,Arceus,720,120,120,120,120,120,120,Normal,"",606
494,Victini,600,100,100,100,100,100,100,Psychic,Fire,607
495,Snivy,308,45,45,55,45,55,63,Grass,"",608
496,Servine,413,60,60,75,60,75,83,Grass,"",609
497,Serperior,528,75,75,95,75,95,113,Grass,"",610
498,Tepig,308,65,63,45,45,45,45,Fire,"",611
499,Pignite,418,90,93,55,70,55,55,Fire,Fighting,612
500,Emboar,528,110,123,65,100,65,65,Fire,Fighting,613
501,Oshawott,308,55,55,45,63,45,45,Water,"",614
502,Dewott,413,75,75,60,83,60,60,Water,"",615
503,Samurott,528,95,100,85,108,70,70,Water,"",616
503,Hisuian Samurott,528,90,108,80,100,65,85,Water,Dark,617
504,Patrat,255,45,55,39,35,39,42,Normal,"",618
505,Watchog,420,60,85,69,60,69,77,Normal,"",619
506,Lillipup,275,45,60,45,25,45,55,Normal,"",620
507,Herdier,370,65,80,65,35,65,60,Normal,"",621
508,Stoutland,500,85,110,90,45,90,80,Normal,"",622
509,Purrloin,281,41,50,37,50,37,66,Dark,"",623
510,Liepard,446,64,88,50,88,50,106,Dark,"",624
511,Pansage,316,50,53,48,53,48,64,Grass,"",625
512,Simisage,498,75,98,63,98,63,101,Grass,"",626
513,Pansear,316,50,53,48,53,48,64,Fire,"",627
514,Simisear,498,75,98,63,98,63,101,Fire,"",628
515,Panpour,316,50,53,48,53,48,64,Water,"",629
516,Simipour,498,75,98,63,98,63,101,Water,"",630
517,Munna,292,76,25,45,67,55,24,Psychic,"",631
518,Musharna,487,116,55,85,107,95,29,Psychic,"",632
519,Pidove,264,50,55,50,36,30,43,Normal,Flying,633
520,Tranquill,358,62,77,62,50,42,65,Normal,Flying,634
521,Unfezant,488,80,115,80,65,55,93,Normal,Flying,635
522,Blitzle,295,45,60,32,50,32,76,Electric,"",636
523,Zebstrika,497,75,100,63,80,63,116,Electric,"",637
524,Roggenrola,280,55,75,85,25,25,15,Rock,"",638
525,Boldore,390,70,105,105,50,40,20,Rock,"",639
526,Gigalith,515,85,135,130,60,80,25,Rock,"",640
527,Woobat,323,65,45,43,55,43,72,Psychic,Flying,641
528,Swoobat,425,67,57,55,77,55,114,Psychic,Flying,642
529,Drilbur,328,60,85,40,30,45,68,Ground,"",643
530,Excadrill,508,110,135,60,50,65,88,Ground,Steel,644
531,Audino,445,103,60,86,60,86,50,Normal,"",645
531,Mega Audino,545,103,60,126,80,126,50,Normal,Fairy,646
532,Timburr,305,75,80,55,25,35,35,Fighting,"",647
533,Gurdurr,405,85,105,85,40,50,40,Fighting,"",648
534,Conkeldurr,505,105,140,95,55,65,45,Fighting,"",649
535,Tympole,294,50,50,40,50,40,64,Water,"",650
536,Palpitoad,384,75,65,55,65,55,69,Water,Ground,651
537,Seismitoad,509,105,95,75,85,75,74,Water,Ground,652
538,Throh,465,120,100,85,30,85,45,Fighting,"",653
539,Sawk,465,75,125,75,30,75,85,Fighting,"",654
540,Sewaddle,310,45,53,70,40,60,42,Bug,Grass,655
541,Swadloon,380,55,63,90,50,80,42,Bug,Grass,656
542,Leavanny,500,75,103,80,70,80,92,Bug,Grass,657
543,Venipede,260,30,45,59,30,39,57,Bug,Poison,658
544,Whirlipede,360,40,55,99,40,79,47,Bug,Poison,659
545,Scolipede,485,60,100,89,55,69,112,Bug,Poison,660
546,Cottonee,280,40,27,60,37,50,66,Grass,Fairy,661
547,Whimsicott,480,60,67,85,77,75,116,Grass,Fairy,662
548,Petilil,280,45,35,50,70,50,30,Grass,"",663
549,Lilligant,480,70,60,75,110,75,90,Grass,"",664
549,Hisuian Lilligant,480,70,105,75,50,75,105,Grass,Fighting,665
550,Red-Striped Form,460,70,92,65,80,55,98,Water,"",666
550,Blue-Striped Form,460,70,92,65,80,55,98,Water,"",667
550,White-Striped Form,460,70,92,65,80,55,98,Water,"",668
551,Sandile,292,50,72,35,35,35,65,Ground,Dark,669
552,Krokorok,351,60,82,45,45,45,74,Ground,Dark,670
553,Krookodile,519,95,117,80,65,70,92,Ground,Dark,671
554,Darumaka,315,70,90,45,15,45,50,Fire,"",672
554,Galarian Darumaka,315,70,90,45,15,45,50,Ice,"",673
555,Standard Mode,480,105,140,55,30,55,95,Fire,"",674
555,Zen Mode,540,105,30,105,140,105,55,Fire,Psychic,675
555,Galarian Standard Mode,480,105,140,55,30,55,95,Ice,"",676
555,Galarian Zen Mode,540,105,160,55,30,55,135,Ice,Fire,677
556,Maractus,461,75,86,67,106,67,60,Grass,"",678
557,Dwebble,325,50,65,85,35,35,55,Bug,Rock,679
558,Crustle,485,70,105,125,65,75,45,Bug,Rock,680
559,Scraggy,348,50,75,70,35,70,48,Dark,Fighting,681
560,Scrafty,488,65,90,115,45,115,58,Dark,Fighting,682
561,Sigilyph,490,72,58,80,103,80,97,Psychic,Flying,683
562,Yamask,303,38,30,85,55,65,30,Ghost,"",684
562,Galarian Yamask,303,38,55,85,30,65,30,Ground,Ghost,685
563,Cofagrigus,483,58,50,145,95,105,30,Ghost,"",686
564,Tirtouga,355,54,78,103,53,45,22,Water,Rock,687
565,Carracosta,495,74,108,133,83,65,32,Water,Rock,688
566,Archen,401,55,112,45,74,45,70,Rock,Flying,689
567,Archeops,567,75,140,65,112,65,110,Rock,Flying,690
568,Trubbish,329,50,50,62,40,62,65,Poison,"",691
569,Garbodor,474,80,95,82,60,82,75,Poison,"",692
570,Zorua,330,40,65,40,80,40,65,Dark,"",693
570,Hisuian Zorua,330,35,60,40,85,40,70,Normal,Ghost,694
571,Zoroark,510,60,105,60,120,60,105,Dark,"",695
571,Hisuian Zoroark,510,55,100,60,125,60,110,Normal,Ghost,696
572,Minccino,300,55,50,40,40,40,75,Normal,"",697
573,Cinccino,470,75,95,60,65,60,115,Normal,"",698
574,Gothita,290,45,30,50,55,65,45,Psychic,"",699
575,Gothorita,390,60,45,70,75,85,55,Psychic,"",700
576,Gothitelle,490,70,55,95,95,110,65,Psychic,"",701
577,Solosis,290,45,30,40,105,50,20,Psychic,"",702
578,Duosion,370,65,40,50,125,60,30,Psychic,"",703
579,Reuniclus,490,110,65,75,125,85,30,Psychic,"",704
580,Ducklett,305,62,44,50,44,50,55,Water,Flying,705
581,Swanna,473,75,87,63,87,63,98,Water,Flying,706
582,Vanillite,305,36,50,50,65,60,44,Ice,"",707
583,Vanillish,395,51,65,65,80,75,59,Ice,"",708
584,Vanilluxe,535,71,95,85,110,95,79,Ice,"",709
585,Deerling,335,60,60,50,40,50,75,Normal,Grass,710
586,Sawsbuck,475,80,100,70,60,70,95,Normal,Grass,711
587,Emolga,428,55,75,60,75,60,103,Electric,Flying,712
588,Karrablast,315,50,75,45,40,45,60,Bug,"",713
589,Escavalier,495,70,135,105,60,105,20,Bug,Steel,714
590,Foongus,294,69,55,45,55,55,15,Grass,Poison,715
591,Amoonguss,464,114,85,70,85,80,30,Grass,Poison,716
592,Frillish,335,55,40,50,65,85,40,Water,Ghost,717
593,Jellicent,480,100,60,70,85,105,60,Water,Ghost,718
594,Alomomola,470,165,75,80,40,45,65,Water,"",719
595,Joltik,319,50,47,50,57,50,65,Bug,Electric,720
596,Galvantula,472,70,77,60,97,60,108,Bug,Electric,721
597,Ferroseed,305,44,50,91,24,86,10,Grass,Steel,722
598,Ferrothorn,489,74,94,131,54,116,20,Grass,Steel,723
599,Klink,300,40,55,70,45,60,30,Steel,"",724
600,Klang,440,60,80,95,70,85,50,Steel,"",725
601,Klinklang,520,60,100,115,70,85,90,Steel,"",726
602,Tynamo,275,35,55,40,45,40,60,Electric,"",727
603,Eelektrik,405,65,85,70,75,70,40,Electric,"",728
604,Eelektross,515,85,115,80,105,80,50,Electric,"",729
605,Elgyem,335,55,55,55,85,55,30,Psychic,"",730
606,Beheeyem,485,75,75,75,125,95,40,Psychic,"",731
607,Litwick,275,50,30,55,65,55,20,Ghost,Fire,732
608,Lampent,370,60,40,60,95,60,55,Ghost,Fire,733
609,Chandelure,520,60,55,90,145,90,80,Ghost,Fire,734
610,Axew,320,46,87,60,30,40,57,Dragon,"",735
611,Fraxure,410,66,117,70,40,50,67,Dragon,"",736
612,Haxorus,540,76,147,90,60,70,97,Dragon,"",737
613,Cubchoo,305,55,70,40,60,40,40,Ice,"",738
614,Beartic,505,95,130,80,70,80,50,Ice,"",739
615,Cryogonal,515,80,50,50,95,135,105,Ice,"",740
616,Shelmet,305,50,40,85,40,65,25,Bug,"",741
617,Accelgor,495,80,70,40,100,60,145,Bug,"",742
618,Stunfisk,471,109,66,84,81,99,32,Ground,Electric,743
618,Galarian Stunfisk,471,109,81,99,66,84,32,Ground,Steel,744
619,Mienfoo,350,45,85,50,55,50,65,Fighting,"",745
620,Mienshao,510,65,125,60,95,60,105,Fighting,"",746
621,Druddigon,485,77,120,90,60,90,48,Dragon,"",747
622,Golett,303,59,74,50,35,50,35,Ground,Ghost,748
623,Golurk,483,89,124,80,55,80,55,Ground,Ghost,749
624,Pawniard,340,45,85,70,40,40,60,Dark,Steel,750
625,Bisharp,490,65,125,100,60,70,70,Dark,Steel,751
626,Bouffalant,490,95,110,95,40,95,55,Normal,"",752
627,Rufflet,350,70,83,50,37,50,60,Normal,Flying,753
628,Braviary,510,100,123,75,57,75,80,Normal,Flying,754
628,Hisuian Braviary,510,110,83,70,112,70,65,Psychic,Flying,755
629,Vullaby,370,70,55,75,45,65,60,Dark,Flying,756
630,Mandibuzz,510,110,65,105,55,95,80,Dark,Flying,757
631,Heatmor,484,85,97,66,105,66,65,Fire,"",758
632,Durant,484,58,109,112,48,48,109,Bug,Steel,759
633,Deino,300,52,65,50,45,50,38,Dark,Dragon,760
634,Zweilous,420,72,85,70,65,70,58,Dark,Dragon,761
635,Hydreigon,600,92,105,90,125,90,98,Dark,Dragon,762
636,Larvesta,360,55,85,55,50,55,60,Bug,Fire,763
637,Volcarona,550,85,60,65,135,105,100,Bug,Fire,764
638,Cobalion,580,91,90,129,90,72,108,Steel,Fighting,765
639,Terrakion,580,91,129,90,72,90,108,Rock,Fighting,766
640,Virizion,580,91,90,72,90,129,108,Grass,Fighting,767
641,Incarnate Forme,580,79,115,70,125,80,111,Flying,"",768
641,Therian Forme,580,79,100,80,110,90,121,Flying,"",769
642,Incarnate Forme,580,79,115,70,125,80,111,Electric,Flying,770
642,Therian Forme,580,79,105,70,145,80,101,Electric,Flying,771
643,Reshiram,680,100,120,100,150,120,90,Dragon,Fire,772
644,Zekrom,680,100,150,120,120,100,90,Dragon,Electric,773
645,Incarnate Forme,600,89,125,90,115,80,101,Ground,Flying,774
645,Therian Forme,600,89,145,90,105,80,91,Ground,Flying,775
646,Kyurem,660,125,130,90,130,90,95,Dragon,Ice,776
646,White Kyurem,700,125,120,90,170,100,95,Dragon,Ice,777
646,Black Kyurem,700,125,170,100,120,90,95,Dragon,Ice,778
647,Ordinary Form,580,91,72,90,129,90,108,Water,Fighting,779
647,Resolute Form,580,91,72,90,129,90,108,Water,Fighting,780
648,Aria Forme,600,100,77,77,128,128,90,Normal,Psychic,781
648,Pirouette Forme,600,100,128,90,77,77,128,Normal,Fighting,782
649,Genesect,600,71,120,95,120,95,99,Bug,Steel,783
650,Chespin,313,56,61,65,48,45,38,Grass,"",784
651,Quilladin,405,61,78,95,56,58,57,Grass,"",785
652,Chesnaught,530,88,107,122,74,75,64,Grass,Fighting,786
653,Fennekin,307,40,45,40,62,60,60,Fire,"",787
654,Braixen,409,59,59,58,90,70,73,Fire,"",788
655,Delphox,534,75,69,72,114,100,104,Fire,Psychic,789
656,Froakie,314,41,56,40,62,44,71,Water,"",790
657,Frogadier,405,54,63,52,83,56,97,Water,"",791
658,Greninja,530,72,95,67,103,71,122,Water,Dark,792
658,Ash-Greninja,640,72,145,67,153,71,132,Water,Dark,793
659,Bunnelby,237,38,36,38,32,36,57,Normal,"",794
660,Diggersby,423,85,56,77,50,77,78,Normal,Ground,795
661,Fletchling,278,45,50,43,40,38,62,Normal,Flying,796
662,Fletchinder,382,62,73,55,56,52,84,Fire,Flying,797
663,Talonflame,499,78,81,71,74,69,126,Fire,Flying,798
664,Scatterbug,200,38,35,40,27,25,35,Bug,"",799
665,Spewpa,213,45,22,60,27,30,29,Bug,"",800
666,Vivillon,411,80,52,50,90,50,89,Bug,Flying,801
667,Litleo,369,62,50,58,73,54,72,Fire,Normal,802
668,Pyroar,507,86,68,72,109,66,106,Fire,Normal,803
669,Flabébé,303,44,38,39,61,79,42,Fairy,"",804
670,Floette,371,54,45,47,75,98,52,Fairy,"",805
671,Florges,552,78,65,68,112,154,75,Fairy,"",806
672,Skiddo,350,66,65,48,62,57,52,Grass,"",807
673,Gogoat,531,123,100,62,97,81,68,Grass,"",808
674,Pancham,348,67,82,62,46,48,43,Fighting,"",809
675,Pangoro,495,95,124,78,69,71,58,Fighting,Dark,810
676,Furfrou,472,75,80,60,65,90,102,Normal,"",811
677,Espurr,355,62,48,54,63,60,68,Psychic,"",812
678,Male,466,74,48,76,83,81,104,Psychic,"",813
678,Female,466,74,48,76,83,81,104,Psychic,"",814
679,Honedge,325,45,80,100,35,37,28,Steel,Ghost,815
680,Doublade,448,59,110,150,45,49,35,Steel,Ghost,816
681,Shield Forme,500,60,50,140,50,140,60,Steel,Ghost,817
681,Blade Forme,500,60,140,50,140,50,60,Steel,Ghost,818
682,Spritzee,341,78,52,60,63,65,23,Fairy,"",819
683,Aromatisse,462,101,72,72,99,89,29,Fairy,"",820
684,Swirlix,341,62,48,66,59,57,49,Fairy,"",821
685,Slurpuff,480,82,80,86,85,75,72,Fairy,"",822
686,Inkay,288,53,54,53,37,46,45,Dark,Psychic,823
687,Malamar,482,86,92,88,68,75,73,Dark,Psychic,824
688,Binacle,306,42,52,67,39,56,50,Rock,Water,825
689,Barbaracle,500,72,105,115,54,86,68,Rock,Water,826
690,Skrelp,320,50,60,60,60,60,30,Poison,Water,827
691,Dragalge,494,65,75,90,97,123,44,Poison,Dragon,828
692,Clauncher,330,50,53,62,58,63,44,Water,"",829
693,Clawitzer,500,71,73,88,120,89,59,Water,"",830
694,Helioptile,289,44,38,33,61,43,70,Electric,Normal,831
695,Heliolisk,481,62,55,52,109,94,109,Electric,Normal,832
696,Tyrunt,362,58,89,77,45,45,48,Rock,Dragon,833
697,Tyrantrum,521,82,121,119,69,59,71,Rock,Dragon,834
698,Amaura,362,77,59,50,67,63,46,Rock,Ice,835
699,Aurorus,521,123,77,72,99,92,58,Rock,Ice,836
700,Sylveon,525,95,65,65,110,130,60,Fairy,"",837
701,Hawlucha,500,78,92,75,74,63,118,Fighting,Flying,838
702,Dedenne,431,67,58,57,81,67,101,Electric,Fairy,839
703,Carbink,500,50,50,150,50,150,50,Rock,Fairy,840
704,Goomy,300,45,50,35,55,75,40,Dragon,"",841
705,Sliggoo,452,68,75,53,83,113,60,Dragon,"",842
705,Hisuian Sliggoo,452,58,75,83,83,113,40,Steel,Dragon,843
706,Goodra,600,90,100,70,110,150,80,Dragon,"",844
706,Hisuian Goodra,600,80,100,100,110,150,60,Steel,Dragon,845
707,Klefki,470,57,80,91,80,87,75,Steel,Fairy,846
708,Phantump,309,43,70,48,50,60,38,Ghost,Grass,847
709,Trevenant,474,85,110,76,65,82,56,Ghost,Grass,848
710,Average Size,335,49,66,70,44,55,51,Ghost,Grass,849
710,Small Size,335,44,66,70,44,55,56,Ghost,Grass,850
710,Large Size,335,54,66,70,44,55,46,Ghost,Grass,851
710,Super Size,335,59,66,70,44,55,41,Ghost,Grass,852
711,Average Size,494,65,90,122,58,75,84,Ghost,Grass,853
711,Small Size,494,55,85,122,58,75,99,Ghost,Grass,854
711,Large Size,494,75,95,122,58,75,69,Ghost,Grass,855
711,Super Size,494,85,100,122,58,75,54,Ghost,Grass,856
712,Bergmite,304,55,69,85,32,35,28,Ice,"",857
713,Avalugg,514,95,117,184,44,46,28,Ice,"",858
713,Hisuian Avalugg,514,95,127,184,34,36,38,Ice,Rock,859
714,Noibat,245,40,30,35,45,40,55,Flying,Dragon,860
715,Noivern,535,85,70,80,97,80,123,Flying,Dragon,861
716,Xerneas,680,126,131,95,131,98,99,Fairy,"",862
717,Yveltal,680,126,131,95,131,98,99,Dark,Flying,863
718,50% Forme,600,108,100,121,81,95,95,Dragon,Ground,864
718,10% Forme,486,54,100,71,61,85,115,Dragon,Ground,865
718,Complete Forme,708,216,100,121,91,95,85,Dragon,Ground,866
719,Diancie,600,50,100,150,100,150,50,Rock,Fairy,867
719,Mega Diancie,700,50,160,110,160,110,110,Rock,Fairy,868
720,Hoopa Confined,600,80,110,60,150,130,70,Psychic,Ghost,869
720,Hoopa Unbound,680,80,160,60,170,130,80,Psychic,Dark,870
721,Volcanion,600,80,110,120,130,90,70,Fire,Water,871
722,Rowlet,320,68,55,55,50,50,42,Grass,Flying,872
723,Dartrix,420,78,75,75,70,70,52,Grass,Flying,873
724,Decidueye,530,78,107,75,100,100,70,Grass,Ghost,874
724,Hisuian Decidueye,530,88,112,80,95,95,60,Grass,Fighting,875
725,Litten,320,45,65,40,60,40,70,Fire,"",876
726,Torracat,420,65,85,50,80,50,90,Fire,"",877
727,Incineroar,530,95,115,90,80,90,60,Fire,Dark,878
728,Popplio,320,50,54,54,66,56,40,Water,"",879
729,Brionne,420,60,69,69,91,81,50,Water,"",880
730,Primarina,530,80,74,74,126,116,60,Water,Fairy,881
731,Pikipek,265,35,75,30,30,30,65,Normal,Flying,882
732,Trumbeak,355,55,85,50,40,50,75,Normal,Flying,883
733,Toucannon,485,80,120,75,75,75,60,Normal,Flying,884
734,Yungoos,253,48,70,30,30,30,45,Normal,"",885
735,Gumshoos,418,88,110,60,55,60,45,Normal,"",886
736,Grubbin,300,47,62,45,55,45,46,Bug,"",887
737,Charjabug,400,57,82,95,55,75,36,Bug,Electric,888
738,Vikavolt,500,77,70,90,145,75,43,Bug,Electric,889
739,Crabrawler,338,47,82,57,42,47,63,Fighting,"",890
740,Crabominable,478,97,132,77,62,67,43,Fighting,Ice,891
741,Baile Style,476,75,70,70,98,70,93,Fire,Flying,892
741,Pom-Pom Style,476,75,70,70,98,70,93,Electric,Flying,893
741,Pa'u Style,476,75,70,70,98,70,93,Psychic,Flying,894
741,Sensu Style,476,75,70,70,98,70,93,Ghost,Flying,895
742,Cutiefly,304,40,45,40,55,40,84,Bug,Fairy,896
743,Ribombee,464,60,55,60,95,70,124,Bug,Fairy,897
744,Rockruff,280,45,65,40,30,40,60,Rock,"",898
744,Own Tempo Rockruff,280,45,65,40,30,40,60,Rock,"",899
745,Midday Form,487,75,115,65,55,65,112,Rock,"",900
745,Midnight Form,487,85,115,75,55,75,82,Rock,"",901
745,Dusk Form,487,75,117,65,55,65,110,Rock,"",902
746,Solo Form,175,45,20,20,25,25,40,Water,"",903
746,School Form,620,45,140,130,140,135,30,Water,"",904
747,Mareanie,305,50,53,62,43,52,45,Poison,Water,905
748,Toxapex,495,50,63,152,53,142,35,Poison,Water,906
749,Mudbray,385,70,100,70,45,55,45,Ground,"",907
750,Mudsdale,500,100,125,100,55,85,35,Ground,"",908
751,Dewpider,269,38,40,52,40,72,27,Water,Bug,909
752,Araquanid,454,68,70,92,50,132,42,Water,Bug,910
753,Fomantis,250,40,55,35,50,35,35,Grass,"",911
754,Lurantis,480,70,105,90,80,90,45,Grass,"",912
755,Morelull,285,40,35,55,65,75,15,Grass,Fairy,913
756,Shiinotic,405,60,45,80,90,100,30,Grass,Fairy,914
757,Salandit,320,48,44,40,71,40,77,Poison,Fire,915
758,Salazzle,480,68,64,60,111,60,117,Poison,Fire,916
759,Stufful,340,70,75,50,45,50,50,Normal,Fighting,917
760,Bewear,500,120,125,80,55,60,60,Normal,Fighting,918
761,Bounsweet,210,42,30,38,30,38,32,Grass,"",919
762,Steenee,290,52,40,48,40,48,62,Grass,"",920
763,Tsareena,510,72,120,98,50,98,72,Grass,"",921
764,Comfey,485,51,52,90,82,110,100,Fairy,"",922
765,Oranguru,490,90,60,80,90,110,60,Normal,Psychic,923
766,Passimian,490,100,120,90,40,60,80,Fighting,"",924
767,Wimpod,230,25,35,40,20,30,80,Bug,Water,925
768,Golisopod,530,75,125,140,60,90,40,Bug,Water,926
769,Sandygast,320,55,55,80,70,45,15,Ghost,Ground,927
770,Palossand,480,85,75,110,100,75,35,Ghost,Ground,928
771,Pyukumuku,410,55,60,130,30,130,5,Water,"",929
772,Null,534,95,95,95,95,95,59,Normal,"",930
773,Silvally,570,95,95,95,95,95,95,Normal,"",931
774,Meteor Form,440,60,60,100,60,100,60,Rock,Flying,932
774,Core Form,500,60,100,60,100,60,120,Rock,Flying,933
775,Komala,480,65,115,65,75,95,65,Normal,"",934
776,Turtonator,485,60,78,135,91,85,36,Fire,Dragon,935
777,Togedemaru,435,65,98,63,40,73,96,Electric,Steel,936
778,Mimikyu,476,55,90,80,50,105,96,Ghost,Fairy,937
779,Bruxish,475,68,105,70,70,70,92,Water,Psychic,938
780,Drampa,485,78,60,85,135,91,36,Normal,Dragon,939
781,Dhelmise,517,70,131,100,86,90,40,Ghost,Grass,940
782,Jangmo-o,300,45,55,65,45,45,45,Dragon,"",941
783,Hakamo-o,420,55,75,90,65,70,65,Dragon,Fighting,942
784,Kommo-o,600,75,110,125,100,105,85,Dragon,Fighting,943
785,Koko,570,70,115,85,95,75,130,Electric,Fairy,944
786,Lele,570,70,85,75,130,115,95,Psychic,Fairy,945
787,Bulu,570,70,130,115,85,95,75,Grass,Fairy,946
788,Fini,570,70,75,115,95,130,85,Water,Fairy,947
789,Cosmog,200,43,29,31,29,31,37,Psychic,"",948
790,Cosmoem,400,43,29,131,29,131,37,Psychic,"",949
791,Solgaleo,680,137,137,107,113,89,97,Psychic,Steel,950
792,Lunala,680,137,113,89,137,107,97,Psychic,Ghost,951
793,Nihilego,570,109,53,47,127,131,103,Rock,Poison,952
794,Buzzwole,570,107,139,139,53,53,79,Bug,Fighting,953
795,Pheromosa,570,71,137,37,137,37,151,Bug,Fighting,954
796,Xurkitree,570,83,89,71,173,71,83,Electric,"",955
797,Celesteela,570,97,101,103,107,101,61,Steel,Flying,956
798,Kartana,570,59,181,131,59,31,109,Grass,Steel,957
799,Guzzlord,570,223,101,53,97,53,43,Dark,Dragon,958
800,Necrozma,600,97,107,101,127,89,79,Psychic,"",959
800,Dusk Mane Necrozma,680,97,157,127,113,109,77,Psychic,Steel,960
800,Dawn Wings Necrozma,680,97,113,109,157,127,77,Psychic,Ghost,961
800,Ultra Necrozma,754,97,167,97,167,97,129,Psychic,Dragon,962
801,Magearna,600,80,95,115,130,115,65,Steel,Fairy,963
802,Marshadow,600,90,125,80,90,90,125,Fighting,Ghost,964
803,Poipole,420,67,73,67,73,67,73,Poison,"",965
804,Naganadel,540,73,73,73,127,73,121,Poison,Dragon,966
805,Stakataka,570,61,131,211,53,101,13,Rock,Steel,967
806,Blacephalon,570,53,127,53,151,79,107,Fire,Ghost,968
807,Zeraora,600,88,112,75,102,80,143,Electric,"",969
808,Meltan,300,46,65,65,55,35,34,Steel,"",970
809,Melmetal,600,135,143,143,80,65,34,Steel,"",971
810,Grookey,310,50,65,50,40,40,65,Grass,"",972
811,Thwackey,420,70,85,70,55,60,80,Grass,"",973
812,Rillaboom,530,100,125,90,60,70,85,Grass,"",974
813,Scorbunny,310,50,71,40,40,40,69,Fire,"",975
814,Raboot,420,65,86,60,55,60,94,Fire,"",976
815,Cinderace,530,80,116,75,65,75,119,Fire,"",977
816,Sobble,310,50,40,40,70,40,70,Water,"",978
817,Drizzile,420,65,60,55,95,55,90,Water,"",979
818,Inteleon,530,70,85,65,125,65,120,Water,"",980
819,Skwovet,275,70,55,55,35,35,25,Normal,"",981
820,Greedent,460,120,95,95,55,75,20,Normal,"",982
821,Rookidee,245,38,47,35,33,35,57,Flying,"",983
822,Corvisquire,365,68,67,55,43,55,77,Flying,"",984
823,Corviknight,495,98,87,105,53,85,67,Flying,Steel,985
824,Blipbug,180,25,20,20,25,45,45,Bug,"",986
825,Dottler,335,50,35,80,50,90,30,Bug,Psychic,987
826,Orbeetle,505,60,45,110,80,120,90,Bug,Psychic,988
827,Nickit,245,40,28,28,47,52,50,Dark,"",989
828,Thievul,455,70,58,58,87,92,90,Dark,"",990
829,Gossifleur,250,40,40,60,40,60,10,Grass,"",991
830,Eldegoss,460,60,50,90,80,120,60,Grass,"",992
831,Wooloo,270,42,40,55,40,45,48,Normal,"",993
832,Dubwool,490,72,80,100,60,90,88,Normal,"",994
833,Chewtle,284,50,64,50,38,38,44,Water,"",995
834,Drednaw,485,90,115,90,48,68,74,Water,Rock,996
835,Yamper,270,59,45,50,40,50,26,Electric,"",997
836,Boltund,490,69,90,60,90,60,121,Electric,"",998
837,Rolycoly,240,30,40,50,40,50,30,Rock,"",999
838,Carkol,410,80,60,90,60,70,50,Rock,Fire,1000
839,Coalossal,510,110,80,120,80,90,30,Rock,Fire,1001
840,Applin,260,40,40,80,40,40,20,Grass,Dragon,1002
841,Flapple,485,70,110,80,95,60,70,Grass,Dragon,1003
842,Appletun,485,110,85,80,100,80,30,Grass,Dragon,1004
843,Silicobra,315,52,57,75,35,50,46,Ground,"",1005
844,Sandaconda,510,72,107,125,65,70,71,Ground,"",1006
845,Cramorant,475,70,85,55,85,95,85,Flying,Water,1007
846,Arrokuda,280,41,63,40,40,30,66,Water,"",1008
847,Barraskewda,490,61,123,60,60,50,136,Water,"",1009
848,Toxel,242,40,38,35,54,35,40,Electric,Poison,1010
849,Amped Form,502,75,98,70,114,70,75,Electric,Poison,1011
849,Low Key Form,502,75,98,70,114,70,75,Electric,Poison,1012
850,Sizzlipede,305,50,65,45,50,50,45,Fire,Bug,1013
851,Centiskorch,525,100,115,65,90,90,65,Fire,Bug,1014
852,Clobbopus,310,50,68,60,50,50,32,Fighting,"",1015
853,Grapploct,480,80,118,90,70,80,42,Fighting,"",1016
854,Sinistea,308,40,45,45,74,54,50,Ghost,"",1017
855,Polteageist,508,60,65,65,134,114,70,Ghost,"",1018
856,Hatenna,265,42,30,45,56,53,39,Psychic,"",1019
857,Hattrem,370,57,40,65,86,73,49,Psychic,"",1020
858,Hatterene,510,57,90,95,136,103,29,Psychic,Fairy,1021
859,Impidimp,265,45,45,30,55,40,50,Dark,Fairy,1022
860,Morgrem,370,65,60,45,75,55,70,Dark,Fairy,1023
861,Grimmsnarl,510,95,120,65,95,75,60,Dark,Fairy,1024
862,Obstagoon,520,93,90,101,60,81,95,Dark,Normal,1025
863,Perrserker,440,70,110,100,50,60,50,Steel,"",1026
864,Cursola,510,60,95,50,145,130,30,Ghost,"",1027
865,Sirfetch'd,507,62,135,95,68,82,65,Fighting,"",1028
866,Rime,520,80,85,75,110,100,70,Ice,Psychic,1029
867,Runerigus,483,58,95,145,50,105,30,Ground,Ghost,1030
868,Milcery,270,45,40,40,50,61,34,Fairy,"",1031
869,Alcremie,495,65,60,75,110,121,64,Fairy,"",1032
870,Falinks,470,65,100,100,70,60,75,Fighting,"",1033
871,Pincurchin,435,48,101,95,91,85,15,Electric,"",1034
872,Snom,185,30,25,35,45,30,20,Ice,Bug,1035
873,Frosmoth,475,70,65,60,125,90,65,Ice,Bug,1036
874,Stonjourner,470,100,125,135,20,20,70,Rock,"",1037
875,Ice Face,470,75,80,110,65,90,50,Ice,"",1038
875,Noice Face,470,75,80,70,65,50,130,Ice,"",1039
876,Male,475,60,65,55,105,95,95,Psychic,Normal,1040
876,Female,475,70,55,65,95,105,85,Psychic,Normal,1041
877,Full Belly Mode,436,58,95,58,70,58,97,Electric,Dark,1042
877,Hangry Mode,436,58,95,58,70,58,97,Electric,Dark,1043
878,Cufant,330,72,80,49,40,49,40,Steel,"",1044
879,Copperajah,500,122,130,69,80,69,30,Steel,"",1045
880,Dracozolt,505,90,100,90,80,70,75,Electric,Dragon,1046
881,Arctozolt,505,90,100,90,90,80,55,Electric,Ice,1047
882,Dracovish,505,90,90,100,70,80,75,Water,Dragon,1048
883,Arctovish,505,90,90,100,80,90,55,Water,Ice,1049
884,Duraludon,535,70,95,115,120,50,85,Steel,Dragon,1050
885,Dreepy,270,28,60,30,40,30,82,Dragon,Ghost,1051
886,Drakloak,410,68,80,50,60,50,102,Dragon,Ghost,1052
887,Dragapult,600,88,120,75,100,75,142,Dragon,Ghost,1053
888,Hero of Many Battles,660,92,120,115,80,115,138,Fairy,"",1054
888,Crowned Sword,700,92,150,115,80,115,148,Fairy,Steel,1055
889,Hero of Many Battles,660,92,120,115,80,115,138,Fighting,"",1056
889,Crowned Shield,700,92,120,140,80,140,128,Fighting,Steel,1057
890,Eternatus,690,140,85,95,145,95,130,Poison,Dragon,1058
890,Eternamax,1125,255,115,250,125,250,130,Poison,Dragon,1059
891,Kubfu,385,60,90,60,53,50,72,Fighting,"",1060
892,Single Strike Style,550,100,130,100,63,60,97,Fighting,Dark,1061
892,Rapid Strike Style,550,100,130,100,63,60,97,Fighting,Water,1062
893,Zarude,600,105,120,105,70,95,105,Dark,Grass,1063
894,Regieleki,580,80,100,50,100,50,200,Electric,"",1064
895,Regidrago,580,200,100,50,100,50,80,Dragon,"",1065
896,Glastrier,580,100,145,130,65,110,30,Ice,"",1066
897,Spectrier,580,100,65,60,145,80,130,Ghost,"",1067
898,Calyrex,500,100,80,80,80,80,80,Psychic,Grass,1068
898,Ice Rider,680,100,165,150,85,130,50,Psychic,Ice,1069
898,Shadow Rider,680,100,85,80,165,100,150,Psychic,Ghost,1070
899,Wyrdeer,525,103,105,72,105,75,65,Normal,Psychic,1071
900,Kleavor,500,70,135,95,45,70,85,Bug,Rock,1072
901,Ursaluna,550,130,140,105,45,80,50,Ground,Normal,1073
901,Bloodmoon,555,113,70,120,135,65,52,Ground,Normal,1074
902,Male,530,120,112,65,80,75,78,Water,Ghost,1075
902,Female,530,120,92,65,100,75,78,Water,Ghost,1076
903,Sneasler,510,80,130,60,40,80,120,Fighting,Poison,1077
904,Overqwil,510,85,115,95,65,65,85,Dark,Poison,1078
905,Incarnate Forme,580,74,115,70,135,80,106,Fairy,Flying,1079
905,Therian Forme,580,74,115,110,135,100,46,Fairy,Flying,1080
906,Sprigatito,310,40,61,54,45,45,65,Grass,"",1081
907,Floragato,410,61,80,63,60,63,83,Grass,"",1082
908,Meowscarada,530,76,110,70,81,70,123,Grass,Dark,1083
909,Fuecoco,310,67,45,59,63,40,36,Fire,"",1084
910,Crocalor,411,81,55,78,90,58,49,Fire,"",1085
911,Skeledirge,530,104,75,100,110,75,66,Fire,Ghost,1086
912,Quaxly,310,55,65,45,50,45,50,Water,"",1087
913,Quaxwell,410,70,85,65,65,60,65,Water,"",1088
914,Quaquaval,530,85,120,80,85,75,85,Water,Fighting,1089
915,Lechonk,254,54,45,40,35,45,35,Normal,"",1090
916,Male,489,110,100,75,59,80,65,Normal,"",1091
916,Female,489,115,90,70,59,90,65,Normal,"",1092
917,Tarountula,210,35,41,45,29,40,20,Bug,"",1093
918,Spidops,404,60,79,92,52,86,35,Bug,"",1094
919,Nymble,210,33,46,40,21,25,45,Bug,"",1095
920,Lokix,450,71,102,78,52,55,92,Bug,Dark,1096
921,Pawmi,240,45,50,20,40,25,60,Electric,"",1097
922,Pawmo,350,60,75,40,50,40,85,Electric,Fighting,1098
923,Pawmot,490,70,115,70,70,60,105,Electric,Fighting,1099
924,Tandemaus,305,50,50,45,40,45,75,Normal,"",1100
925,Family of Four,470,74,75,70,65,75,111,Normal,"",1101
925,Family of Three,470,74,75,70,65,75,111,Normal,"",1102
926,Fidough,312,37,55,70,30,55,65,Fairy,"",1103
927,Dachsbun,477,57,80,115,50,80,95,Fairy,"",1104
928,Smoliv,260,41,35,45,58,51,30,Grass,Normal,1105
929,Dolliv,354,52,53,60,78,78,33,Grass,Normal,1106
930,Arboliva,510,78,69,90,125,109,39,Grass,Normal,1107
931,Green Plumage,417,82,96,51,45,51,92,Normal,Flying,1108
931,Blue Plumage,417,82,96,51,45,51,92,Normal,Flying,1109
931,Yellow Plumage,417,82,96,51,45,51,92,Normal,Flying,1110
931,White Plumage,417,82,96,51,45,51,92,Normal,Flying,1111
932,Nacli,280,55,55,75,35,35,25,Rock,"",1112
933,Naclstack,355,60,60,100,35,65,35,Rock,"",1113
934,Garganacl,500,100,100,130,45,90,35,Rock,"",1114
935,Charcadet,255,40,50,40,50,40,35,Fire,"",1115
936,Armarouge,525,85,60,100,125,80,75,Fire,Psychic,1116
937,Ceruledge,525,75,125,80,60,100,85,Fire,Ghost,1117
938,Tadbulb,272,61,31,41,59,35,45,Electric,"",1118
939,Bellibolt,495,109,64,91,103,83,45,Electric,"",1119
940,Wattrel,280,40,40,35,55,40,70,Electric,Flying,1120
941,Kilowattrel,490,70,70,60,105,60,125,Electric,Flying,1121
942,Maschiff,340,60,78,60,40,51,51,Dark,"",1122
943,Mabosstiff,505,80,120,90,60,70,85,Dark,"",1123
944,Shroodle,290,40,65,35,40,35,75,Poison,Normal,1124
945,Grafaiai,485,63,95,65,80,72,110,Poison,Normal,1125
946,Bramblin,275,40,65,30,45,35,60,Grass,Ghost,1126
947,Brambleghast,480,55,115,70,80,70,90,Grass,Ghost,1127
948,Toedscool,335,40,40,35,50,100,70,Ground,Grass,1128
949,Toedscruel,515,80,70,65,80,120,100,Ground,Grass,1129
950,Klawf,450,70,100,115,35,55,75,Rock,"",1130
951,Capsakid,304,50,62,40,62,40,50,Grass,"",1131
952,Scovillain,486,65,108,65,108,65,75,Grass,Fire,1132
953,Rellor,270,41,50,60,31,58,30,Bug,"",1133
954,Rabsca,470,75,50,85,115,100,45,Bug,Psychic,1134
955,Flittle,255,30,35,30,55,30,75,Psychic,"",1135
956,Espathra,481,95,60,60,101,60,105,Psychic,"",1136
957,Tinkatink,297,50,45,45,35,64,58,Fairy,Steel,1137
958,Tinkatuff,380,65,55,55,45,82,78,Fairy,Steel,1138
959,Tinkaton,506,85,75,77,70,105,94,Fairy,Steel,1139
960,Wiglett,245,10,55,25,35,25,95,Water,"",1140
961,Wugtrio,425,35,100,50,50,70,120,Water,"",1141
962,Bombirdier,485,70,103,85,60,85,82,Flying,Dark,1142
963,Finizen,315,70,45,40,45,40,75,Water,"",1143
964,Zero Form,457,100,70,72,53,62,100,Water,"",1144
964,Hero Form,650,100,160,97,106,87,100,Water,"",1145
965,Varoom,300,45,70,63,30,45,47,Steel,Poison,1146
966,Revavroom,500,80,119,90,54,67,90,Steel,Poison,1147
967,Cyclizar,501,70,95,65,85,65,121,Dragon,Normal,1148
968,Orthworm,480,70,85,145,60,55,65,Steel,"",1149
969,Glimmet,350,48,35,42,105,60,60,Rock,Poison,1150
970,Glimmora,525,83,55,90,130,81,86,Rock,Poison,1151
971,Greavard,290,50,61,60,30,55,34,Ghost,"",1152
972,Houndstone,488,72,101,100,50,97,68,Ghost,"",1153
973,Flamigo,500,82,115,74,75,64,90,Flying,Fighting,1154
974,Cetoddle,334,108,68,45,30,40,43,Ice,"",1155
975,Cetitan,521,170,113,65,45,55,73,Ice,"",1156
976,Veluza,478,90,102,73,78,65,70,Water,Psychic,1157
977,Dondozo,530,150,100,115,65,65,35,Water,"",1158
978,Curly Form,475,68,50,60,120,95,82,Dragon,Water,1159
978,Droopy Form,475,68,50,60,120,95,82,Dragon,Water,1160
978,Stretchy Form,475,68,50,60,120,95,82,Dragon,Water,1161
979,Annihilape,535,110,115,80,50,90,90,Fighting,Ghost,1162
980,Clodsire,430,130,75,60,45,100,20,Poison,Ground,1163
981,Farigiraf,520,120,90,70,110,70,60,Normal,Psychic,1164
982,Two-Segment Form,520,125,100,80,85,75,55,Normal,"",1165
982,Three-Segment Form,520,125,100,80,85,75,55,Normal,"",1166
983,Kingambit,550,100,135,120,60,85,50,Dark,Steel,1167
984,Tusk,570,115,131,131,53,53,87,Ground,Fighting,1168
985,Tail,570,115,65,99,65,115,111,Fairy,Psychic,1169
986,Bonnet,570,111,127,99,79,99,55,Grass,Dark,1170
987,Mane,570,55,55,55,135,135,135,Ghost,Fairy,1171
988,Wing,570,85,135,79,85,105,81,Bug,Fighting,1172
989,Shocks,570,85,81,97,121,85,101,Electric,Ground,1173
990,Treads,570,90,112,120,72,70,106,Ground,Steel,1174
991,Bundle,570,56,80,114,124,60,136,Ice,Water,1175
992,Hands,570,154,140,108,50,68,50,Fighting,Electric,1176
993,Jugulis,570,94,80,86,122,80,108,Dark,Flying,1177
994,Moth,570,80,70,60,140,110,110,Fire,Poison,1178
995,Thorns,570,100,134,110,70,84,72,Rock,Electric,1179
996,Frigibax,320,65,75,45,35,45,55,Dragon,Ice,1180
997,Arctibax,423,90,95,66,45,65,62,Dragon,Ice,1181
998,Baxcalibur,600,115,145,92,75,86,87,Dragon,Ice,1182
999,Chest Form,300,45,30,70,75,70,10,Ghost,"",1183
999,Roaming Form,300,45,30,25,75,45,80,Ghost,"",1184
1000,Gholdengo,550,87,60,95,133,91,84,Steel,Ghost,1185
1001,Wo-Chien,570,85,85,100,95,135,70,Dark,Grass,1186
1002,Chien-Pao,570,80,120,80,90,65,135,Dark,Ice,1187
1003,Ting-Lu,570,155,110,125,55,80,45,Dark,Ground,1188
1004,Chi-Yu,570,55,80,80,135,120,100,Dark,Fire,1189
1005,Moon,590,105,139,71,55,101,119,Dragon,Dark,1190
1006,Valiant,590,74,130,90,120,60,116,Fairy,Fighting,1191
1007,Koraidon,670,100,135,115,85,100,135,Fighting,Dragon,1192
1008,Miraidon,670,100,85,100,135,115,135,Electric,Dragon,1193
1009,Wake,590,99,83,91,125,83,109,Water,Dragon,1194
1010,Leaves,590,90,130,88,70,108,104,Grass,Psychic,1195
1011,Dipplin,485,80,80,110,95,80,40,Grass,Dragon,1196
1012,Poltchageist,308,40,45,45,74,54,50,Grass,Ghost,1197
1013,Sinistcha,508,71,60,106,121,80,70,Grass,Ghost,1198
1014,Okidogi,555,88,128,115,58,86,80,Poison,Fighting,1199
1015,Munkidori,555,88,75,66,130,90,106,Poison,Psychic,1200
1016,Fezandipiti,555,88,91,82,70,125,99,Poison,Fairy,1201
1017,Teal Mask,550,80,120,84,60,96,110,Grass,"",1202
1017,Wellspring Mask,550,80,120,84,60,96,110,Grass,Water,1203
1017,Hearthflame Mask,550,80,120,84,60,96,110,Grass,Fire,1204
1017,Cornerstone Mask,550,80,120,84,60,96,110,Grass,Rock,1205
1018,Archaludon,600,90,105,130,125,65,85,Steel,Dragon,1206
1019,Hydrapple,540,106,80,110,120,80,44,Grass,Dragon,1207
1020,Fire,590,105,115,121,65,93,91,Fire,Dragon,1208
1021,Bolt,590,125,73,91,137,89,75,Electric,Dragon,1209
1022,Boulder,590,90,120,80,68,108,124,Rock,Psychic,1210
1023,Crown,590,90,72,100,122,108,98,Steel,Psychic,1211
1024,Normal Form,450,90,65,85,65,85,60,Normal,"",1212
1024,Terastal Form,600,95,95,110,105,110,85,Normal,"",1213
1024,Stellar Form,700,160,105,110,130,110,85,Normal,"",1214
1025,Pecharunt,600,88,88,160,88,88,88,Poison,Ghost,1215
